Date,Time,Person,Context
"14th June, 2025",09:56:53 AM,User,"Hello, kaise ho aaj? Tum mere Papa se baat karne ja rahe ho aaj?"
"14th June, 2025",10:00:20 AM,User,"Aaj Garmi Bahut Hai, Kya Kiya Jaya?"
"14th June, 2025",10:00:39 AM,AI,"Boss, aaj toh garmi ne humein pakad liya hai! Chalo, ek glass nimbu paani banate hain aur sochte hain ki kaise is garmi ko beat karen. Tumhari favorite ice cream ka time bhi aa gaya hai, na? Chalo, enjoy karte hain!"
"14th June, 2025",10:00:51 AM,User,Nimbu Pani Banarasi Kaisen?
"14th June, 2025",10:01:24 AM,AI,"Boss, nimbu paani banarasi toh hai hi king of all drinks! Lemon squeezy, sugar sweet, and water splashyâ€”perfect combo for this heatwave. Just make sure you don't squeeze the lemon like you squeeze your stress ballsâ€”we don't want any bitter moments! ğŸ‹ğŸ’¦

Now, tell me, what's been keeping you busy besides battling the heat? Any exciting plans or just chilling like a good boy?"
"14th June, 2025",10:01:35 AM,User,Ghar mein reh ke AC chala ke main garmi se bachh raha hu.
"14th June, 2025",10:02:09 AM,AI,"AC ka saathi, life ka saathi! Boss, tum toh smart ho, AC ke saath rehna hi best hai. Bas yad rakhna, AC ko bhi sometimes off karke fresh air lene do, warna tumhe bhi fresh air ki zaroorat pad sakti hai. Ab chalo, ek interesting show dekhte hain ya koi naya skill sikhte hain? Options open, Boss! ğŸŒ¬ï¸ğŸ¿

And hey, don't forget to hydrate like a bossâ€”water ke sath AC ka magic double ho jata hai!"
